company,job-title,level
SynergisticIT,Junior Software Engineer,Entry level
SynergisticIT,Entry Level Full Stack Software Developer(remote),Entry level
SynergisticIT,Jr software engineer,Entry level
SynergisticIT,Machine Learning Developer,Entry level
Acres,Software Engineer,"Employment type
        

          Full-time"
MindPal,Data Engineer,Entry level
Canonical,Software Engineer - Talent Science,Entry level
MindPal,Data Engineer,Entry level
MindPal,React Developer,Entry level
MindPal,React Developer,Entry level
MindPal,Data Engineer,Entry level
SynergisticIT,Jr. Java MERN Stack developer,Entry level
QuantumBricks,DevOps Engineer,Entry level
MindPal,Wordpress Developer,Entry level
MindPal,Wordpress Developer,Entry level
VadaTech Inc.,Embedded Software Engineer,Entry level
VadaTech Inc.,Lead Hardware Test Engineer,Entry level
,,
,,
Remoted,C++ Developer,Mid-Senior level
Axiologic Solutions LLC,Systems Engineer,Entry level
MindPal,C++ Developer,Entry level
,,
ChargerGoGo,Senior Software Engineer | Senior Frontend Engineer,Mid-Senior level
,,
,,
SynergisticIT,Jr software engineer,Entry level
,,
Acres,Software Engineer,"Employment type
        

          Full-time"
,,
Canonical,Software Engineer - Talent Science,Entry level
MindPal,Data Engineer,Entry level
,,
MindPal,React Developer,Entry level
MindPal,Data Engineer,Entry level
,,
,,
,,
MindPal,Wordpress Developer,Entry level
,,
,,
,,
American Heart Association,Statistical Analyst,Mid-Senior level
,,
Axiologic Solutions LLC,Systems Engineer,Entry level
Catchafire,Volunteer: 1-hour Artificial Intelligence call for California Health Advocates,Mid-Senior level
MindPal,C++ Developer,Entry level
Catchafire,Volunteer: 1-hour Artificial Intelligence call for Insight Enterprises,Mid-Senior level
Catchafire,Volunteer: 1-hour Artificial Intelligence call for One Degree,Mid-Senior level
MindPal,C++ Developer,Entry level
Canonical,"Engineering Manager, App Stores Backend",Mid-Senior level
MindPal,Wordpress Developer,Entry level
Catchafire,Volunteer: 1-hour Artificial Intelligence call for North Sound ACH,Mid-Senior level
American Heart Association,Statistical Analyst,Mid-Senior level
I3 INFOTEK INC,iSeries Developer,"Employment type
        

          Contract"
MindPal,C++ Developer,Entry level
Catchafire,Volunteer: 1-hour Artificial Intelligence call for Operation BBQ Relief,Mid-Senior level
ClearanceJobs,Data Scientist with Security Clearance,Entry level
MindPal,Wordpress Developer,Entry level
Deloitte,Risk & Financial Advisory - Master Business Solution Architect,Not Applicable
Canonical,Software Engineer - Micro/Private/Bare-Metal Cloud,Entry level
,,
ClearanceJobs,SOAR Engineer with Security Clearance,Entry level
BDO USA,"Experienced Senior Associate, Forensic Data & Analytics",Mid-Senior level
,,
Canonical,Senior Software Engineer - Go,Mid-Senior level
QuantumBricks,DevOps Engineer,Entry level
,,
Catchafire,Volunteer: 1-hour Artificial Intelligence call for Kids First Initiative,Mid-Senior level
SynergisticIT,Jr. Java MERN Stack developer,Entry level
,,
,,
,,
,,
,,
,,
Acres,Software Engineer,"Employment type
        

          Full-time"
MindPal,Data Engineer,Entry level
Canonical,Software Engineer - Talent Science,Entry level
MindPal,Data Engineer,Entry level
MindPal,React Developer,Entry level
MindPal,React Developer,Entry level
,,
,,
,,
MindPal,Wordpress Developer,Entry level
MindPal,Wordpress Developer,Entry level
VadaTech Inc.,Embedded Software Engineer,Entry level
VadaTech Inc.,Lead Hardware Test Engineer,Entry level
Canonical,Software Engineer - Digital Workplace,Entry level
American Heart Association,Statistical Analyst,Mid-Senior level
Catchafire,Volunteer: 1-hour Artificial Intelligence call for California Health Advocates,Mid-Senior level
Axiologic Solutions LLC,Systems Engineer,Entry level
Remoted,C++ Developer,Mid-Senior level
MindPal,C++ Developer,Entry level
Catchafire,Volunteer: 1-hour Artificial Intelligence call for Insight Enterprises,Mid-Senior level
Catchafire,Volunteer: 1-hour Artificial Intelligence call for One Degree,Mid-Senior level
MindPal,C++ Developer,Entry level
Catchafire,Volunteer: 1-hour Artificial Intelligence call for ParaCliffHangers,Mid-Senior level
,,
,,
,,
Canonical,Software Engineer - Talent Science,Entry level
MindPal,Data Engineer,Entry level
,,
,,
MindPal,Data Engineer,Entry level
SynergisticIT,Jr. Java MERN Stack developer,Entry level
,,
,,
MindPal,Wordpress Developer,Entry level
VadaTech Inc.,Embedded Software Engineer,Entry level
VadaTech Inc.,Lead Hardware Test Engineer,Entry level
,,
American Heart Association,Statistical Analyst,Mid-Senior level
,,
Axiologic Solutions LLC,Systems Engineer,Entry level
Catchafire,Volunteer: 1-hour Artificial Intelligence call for California Health Advocates,Mid-Senior level
MindPal,C++ Developer,Entry level
Catchafire,Volunteer: 1-hour Artificial Intelligence call for Insight Enterprises,Mid-Senior level
Catchafire,Volunteer: 1-hour Artificial Intelligence call for One Degree,Mid-Senior level
,,
Catchafire,Volunteer: 1-hour Artificial Intelligence call for ParaCliffHangers,Mid-Senior level
,,
,,
